--
-- PostgreSQL database dump
--

-- Dumped from database version 17.5
-- Dumped by pg_dump version 17.5

-- Started on 2025-07-20 16:05:39

SET statement_timeout = 0;
SET lock_timeout = 0;
SET idle_in_transaction_session_timeout = 0;
SET transaction_timeout = 0;
SET client_encoding = 'UTF8';
SET standard_conforming_strings = on;
SELECT pg_catalog.set_config('search_path', '', false);
SET check_function_bodies = false;
SET xmloption = content;
SET client_min_messages = warning;
SET row_security = off;

SET default_tablespace = '';

SET default_table_access_method = heap;

--
-- TOC entry 217 (class 1259 OID 16616)
-- Name: boleta; Type: TABLE; Schema: public; Owner: -
--

CREATE TABLE public.boleta (
    id bigint NOT NULL,
    fecha_emision timestamp(6) without time zone,
    igv numeric(38,2),
    numero_boleta character varying(255),
    subtotal numeric(38,2),
    total numeric(38,2),
    user_id bigint
);


--
-- TOC entry 218 (class 1259 OID 16619)
-- Name: boleta_id_seq; Type: SEQUENCE; Schema: public; Owner: -
--

ALTER TABLE public.boleta ALTER COLUMN id ADD GENERATED BY DEFAULT AS IDENTITY (
    SEQUENCE NAME public.boleta_id_seq
    START WITH 1
    INCREMENT BY 1
    NO MINVALUE
    NO MAXVALUE
    CACHE 1
);


--
-- TOC entry 219 (class 1259 OID 16620)
-- Name: carrito_item; Type: TABLE; Schema: public; Owner: -
--

CREATE TABLE public.carrito_item (
    id bigint NOT NULL,
    cantidad integer,
    producto_id bigint,
    usuario_id bigint
);


--
-- TOC entry 220 (class 1259 OID 16623)
-- Name: carrito_item_seq; Type: SEQUENCE; Schema: public; Owner: -
--

CREATE SEQUENCE public.carrito_item_seq
    START WITH 1
    INCREMENT BY 50
    NO MINVALUE
    NO MAXVALUE
    CACHE 1;


--
-- TOC entry 221 (class 1259 OID 16624)
-- Name: categoria; Type: TABLE; Schema: public; Owner: -
--

CREATE TABLE public.categoria (
    id bigint NOT NULL,
    nombre character varying(255)
);


--
-- TOC entry 222 (class 1259 OID 16627)
-- Name: categoria_seq; Type: SEQUENCE; Schema: public; Owner: -
--

CREATE SEQUENCE public.categoria_seq
    START WITH 1
    INCREMENT BY 50
    NO MINVALUE
    NO MAXVALUE
    CACHE 1;


--
-- TOC entry 223 (class 1259 OID 16628)
-- Name: detalle_boleta; Type: TABLE; Schema: public; Owner: -
--

CREATE TABLE public.detalle_boleta (
    id bigint NOT NULL,
    cantidad integer,
    precio_unitario numeric(38,2),
    subtotal_detalle numeric(38,2),
    boleta_id bigint,
    producto_id bigint
);


--
-- TOC entry 224 (class 1259 OID 16631)
-- Name: detalle_boleta_id_seq; Type: SEQUENCE; Schema: public; Owner: -
--

ALTER TABLE public.detalle_boleta ALTER COLUMN id ADD GENERATED BY DEFAULT AS IDENTITY (
    SEQUENCE NAME public.detalle_boleta_id_seq
    START WITH 1
    INCREMENT BY 1
    NO MINVALUE
    NO MAXVALUE
    CACHE 1
);


--
-- TOC entry 225 (class 1259 OID 16632)
-- Name: detalle_pedido; Type: TABLE; Schema: public; Owner: -
--

CREATE TABLE public.detalle_pedido (
    id bigint NOT NULL,
    cantidad integer,
    precio_unitario double precision,
    subtotal_detalle double precision,
    pedido_id bigint,
    producto_id bigint
);


--
-- TOC entry 226 (class 1259 OID 16635)
-- Name: detalle_pedido_id_seq; Type: SEQUENCE; Schema: public; Owner: -
--

ALTER TABLE public.detalle_pedido ALTER COLUMN id ADD GENERATED BY DEFAULT AS IDENTITY (
    SEQUENCE NAME public.detalle_pedido_id_seq
    START WITH 1
    INCREMENT BY 1
    NO MINVALUE
    NO MAXVALUE
    CACHE 1
);


--
-- TOC entry 227 (class 1259 OID 16636)
-- Name: marca; Type: TABLE; Schema: public; Owner: -
--

CREATE TABLE public.marca (
    id bigint NOT NULL,
    nombre character varying(255)
);


--
-- TOC entry 228 (class 1259 OID 16639)
-- Name: marca_id_seq; Type: SEQUENCE; Schema: public; Owner: -
--

ALTER TABLE public.marca ALTER COLUMN id ADD GENERATED BY DEFAULT AS IDENTITY (
    SEQUENCE NAME public.marca_id_seq
    START WITH 1
    INCREMENT BY 1
    NO MINVALUE
    NO MAXVALUE
    CACHE 1
);


--
-- TOC entry 229 (class 1259 OID 16640)
-- Name: pedido; Type: TABLE; Schema: public; Owner: -
--

CREATE TABLE public.pedido (
    id bigint NOT NULL,
    fecha_pedido timestamp(6) without time zone,
    total numeric(38,2),
    usuario_id bigint
);


--
-- TOC entry 230 (class 1259 OID 16643)
-- Name: pedido_id_seq; Type: SEQUENCE; Schema: public; Owner: -
--

ALTER TABLE public.pedido ALTER COLUMN id ADD GENERATED BY DEFAULT AS IDENTITY (
    SEQUENCE NAME public.pedido_id_seq
    START WITH 1
    INCREMENT BY 1
    NO MINVALUE
    NO MAXVALUE
    CACHE 1
);


--
-- TOC entry 231 (class 1259 OID 16644)
-- Name: producto; Type: TABLE; Schema: public; Owner: -
--

CREATE TABLE public.producto (
    id bigint NOT NULL,
    descripcion character varying(255),
    nombre character varying(255),
    precio numeric(38,2),
    stock integer,
    categoria_id bigint,
    marca_id bigint
);


--
-- TOC entry 232 (class 1259 OID 16649)
-- Name: producto_id_seq; Type: SEQUENCE; Schema: public; Owner: -
--

ALTER TABLE public.producto ALTER COLUMN id ADD GENERATED BY DEFAULT AS IDENTITY (
    SEQUENCE NAME public.producto_id_seq
    START WITH 1
    INCREMENT BY 1
    NO MINVALUE
    NO MAXVALUE
    CACHE 1
);


--
-- TOC entry 233 (class 1259 OID 16650)
-- Name: resena; Type: TABLE; Schema: public; Owner: -
--

CREATE TABLE public.resena (
    id bigint NOT NULL,
    aprobado boolean NOT NULL,
    comentario character varying(255),
    puntuacion integer,
    producto_id bigint,
    usuario_id bigint
);


--
-- TOC entry 234 (class 1259 OID 16653)
-- Name: resena_seq; Type: SEQUENCE; Schema: public; Owner: -
--

CREATE SEQUENCE public.resena_seq
    START WITH 1
    INCREMENT BY 50
    NO MINVALUE
    NO MAXVALUE
    CACHE 1;


--
-- TOC entry 235 (class 1259 OID 16654)
-- Name: uuser; Type: TABLE; Schema: public; Owner: -
--

CREATE TABLE public.uuser (
    id bigint NOT NULL,
    direccion character varying(255),
    nombre character varying(255),
    password character varying(255),
    role character varying(255),
    telefono character varying(255),
    username character varying(255),
    CONSTRAINT uuser_role_check CHECK (((role)::text = ANY (ARRAY[('VISITANTE'::character varying)::text, ('COMPRADOR'::character varying)::text, ('USER'::character varying)::text, ('ADMIN'::character varying)::text])))
);


--
-- TOC entry 236 (class 1259 OID 16660)
-- Name: uuser_seq; Type: SEQUENCE; Schema: public; Owner: -
--

CREATE SEQUENCE public.uuser_seq
    START WITH 1
    INCREMENT BY 50
    NO MINVALUE
    NO MAXVALUE
    CACHE 1;


--
-- TOC entry 4965 (class 0 OID 16616)
-- Dependencies: 217
-- Data for Name: boleta; Type: TABLE DATA; Schema: public; Owner: -
--

COPY public.boleta (id, fecha_emision, igv, numero_boleta, subtotal, total, user_id) FROM stdin;
1	2025-07-19 15:50:14.40327	27.00	BOLETA-00001	149.98	176.98	1
\.


--
-- TOC entry 4967 (class 0 OID 16620)
-- Dependencies: 219
-- Data for Name: carrito_item; Type: TABLE DATA; Schema: public; Owner: -
--

COPY public.carrito_item (id, cantidad, producto_id, usuario_id) FROM stdin;
1	1	1	1
2	1	2	1
\.


--
-- TOC entry 4969 (class 0 OID 16624)
-- Dependencies: 221
-- Data for Name: categoria; Type: TABLE DATA; Schema: public; Owner: -
--

COPY public.categoria (id, nombre) FROM stdin;
1	Laptops
2	Mouse
3	Teclados
4	Monitores
5	Impresoras
6	Audífonos
7	Tarjetas Gráficas
8	Procesadores
9	Placas Madre
10	Almacenamiento SSD
\.


--
-- TOC entry 4971 (class 0 OID 16628)
-- Dependencies: 223
-- Data for Name: detalle_boleta; Type: TABLE DATA; Schema: public; Owner: -
--

COPY public.detalle_boleta (id, cantidad, precio_unitario, subtotal_detalle, boleta_id, producto_id) FROM stdin;
1	1	99.99	99.99	1	1
2	1	49.99	49.99	1	2
\.


--
-- TOC entry 4973 (class 0 OID 16632)
-- Dependencies: 225
-- Data for Name: detalle_pedido; Type: TABLE DATA; Schema: public; Owner: -
--

COPY public.detalle_pedido (id, cantidad, precio_unitario, subtotal_detalle, pedido_id, producto_id) FROM stdin;
1	1	99.99	99.99	1	1
2	1	49.99	49.99	1	2
\.


--
-- TOC entry 4975 (class 0 OID 16636)
-- Dependencies: 227
-- Data for Name: marca; Type: TABLE DATA; Schema: public; Owner: -
--

COPY public.marca (id, nombre) FROM stdin;
1	HP
2	Logitech
3	Razer
4	ASUS
5	Kingston
6	AMD
7	Intel
8	NVIDIA
9	Epson
10	Corsair
\.


--
-- TOC entry 4977 (class 0 OID 16640)
-- Dependencies: 229
-- Data for Name: pedido; Type: TABLE DATA; Schema: public; Owner: -
--

COPY public.pedido (id, fecha_pedido, total, usuario_id) FROM stdin;
1	2025-07-19 15:50:14.043476	149.98	1
\.


--
-- TOC entry 4979 (class 0 OID 16644)
-- Dependencies: 231
-- Data for Name: producto; Type: TABLE DATA; Schema: public; Owner: -
--

COPY public.producto (id, descripcion, nombre, precio, stock, categoria_id, marca_id) FROM stdin;
3	Mouse Bluetooth recargable con múltiples dispositivos	Logitech M720 Triathlon	39.99	70	2	2
4	Mouse compacto y silencioso ideal para laptops	Logitech Pebble M350	29.99	100	2	2
5	Mouse vertical ergonómico para mayor confort	Logitech Lift Vertical	69.99	40	2	2
6	Laptop con procesador Intel Core i5, 8GB RAM y SSD de 512GB	HP Pavilion 15	749.00	25	1	1
7	Laptop convertible con pantalla táctil Full HD de 13.3"	HP Envy x360	899.00	20	1	1
8	Laptop económica ideal para estudiantes y navegación básica	HP Stream 14	399.00	60	1	1
9	Laptop empresarial con lector de huella y carcasa metálica	HP EliteBook 840 G8	1199.00	15	1	1
10	Laptop gamer con RTX 3060, 16GB RAM y pantalla 144Hz	HP Omen 16	1399.00	10	1	1
11	Audífonos gaming con sonido envolvente 7.1 y RGB	Razer Kraken V3	99.00	50	6	3
12	Audífonos inalámbricos con cancelación activa de ruido	Razer Opus X	129.00	30	6	3
13	Audífonos ligeros con micrófono removible para streamers	Razer BlackShark V2	79.00	40	6	3
14	Audífonos tipo in-ear con doble driver para mejor calidad	Razer Hammerhead Duo	49.00	70	6	3
15	Audífonos TWS con baja latencia para juegos móviles	Razer Hammerhead True Wireless	99.00	45	6	3
16	Procesador de 6 núcleos y 12 hilos ideal para gaming	AMD Ryzen 5 5600X	199.00	30	8	6
17	Procesador de alto rendimiento para creadores de contenido	AMD Ryzen 9 7900X	429.00	15	8	6
18	Procesador con gráficos integrados Radeon Vega 8	AMD Ryzen 5 5600G	159.00	40	8	6
19	Procesador económico para tareas básicas y oficina	AMD Athlon 3000G	59.00	50	8	6
20	Procesador de 12 núcleos para multitarea y renderizado	AMD Ryzen 9 5900X	389.00	10	8	6
21	SSD NVMe PCIe 4.0 con velocidades de lectura de hasta 7000 MB/s	Kingston KC3000 1TB	129.00	40	10	5
22	SSD SATA 2.5" ideal para mejorar velocidad de laptops	Kingston A400 480GB	45.00	100	10	5
23	SSD externo USB-C con alta velocidad y diseño compacto	Kingston XS2000 1TB	109.00	35	10	5
24	SSD M.2 PCIe Gen 4x4 con gran relación calidad-precio	Kingston NV2 500GB	39.00	80	10	5
25	SSD NVMe para gaming de alto rendimiento	Kingston Fury Renegade 2TB	229.00	20	10	5
26	Monitor gamer 27" WQHD 165Hz con Adaptive Sync	ASUS TUF Gaming VG27AQ	349.00	20	4	4
27	Monitor profesional 27" IPS con 100% sRGB	ASUS ProArt Display PA278CV	399.00	10	4	4
28	Monitor 24.5" 360Hz para eSports y baja latencia	ASUS ROG Swift PG259QN	499.00	15	4	4
29	Monitor delgado 24" Full HD para uso general	ASUS VZ249HE	149.00	25	4	4
30	Monitor curvo 23.6" con 165Hz y tiempo de respuesta 1ms	ASUS TUF VG24VQE	199.00	30	4	4
31	Procesador de 6 núcleos de 12va generación sin gráficos integrados	Intel Core i5-12400F	189.00	35	8	7
32	Procesador de 16 núcleos híbridos ideal para multitarea	Intel Core i7-13700K	429.00	20	8	7
33	Procesador de alto rendimiento con 24 núcleos y overclocking	Intel Core i9-13900K	589.00	10	8	7
34	Procesador económico de 4 núcleos para tareas básicas	Intel Core i3-12100F	109.00	50	8	7
35	Procesador básico para oficina y uso ligero	Intel Pentium Gold G6405	69.00	40	8	7
36	Impresora multifuncional con sistema de tinta continua	Epson EcoTank L3250	179.00	25	5	9
37	Impresora todo en uno inalámbrica con botellas de tinta	Epson L3150	159.00	30	5	9
38	Impresora compacta con Wi-Fi y alimentador automático	Epson WorkForce WF-2830	99.00	20	5	9
39	Impresora color con pantalla táctil y AirPrint	Epson Expression Home XP-4100	89.00	18	5	9
40	Impresora empresarial con fax, ADF y Wi-Fi Direct	Epson EcoTank ET-4760	299.00	12	5	9
41	SSD NVMe PCIe Gen4x4 con disipador para alto rendimiento	Corsair MP600 PRO XT 1TB	159.00	25	10	10
42	SSD M.2 con velocidades de hasta 3480MB/s	Corsair Force Series MP510 480GB	89.00	40	10	10
43	SSD NVMe con gran capacidad y relación precio-calidad	Corsair MP400 1TB	99.00	30	10	10
44	SSD para gaming y tareas intensivas con PCIe 4.0	Corsair MP600 CORE XT 2TB	199.00	15	10	10
45	SSD PCIe HHHL con enfriamiento activo para trabajo pesado	Corsair Neutron NX500 400GB	179.00	10	10	10
46	Tarjeta gráfica con 8GB GDDR6 y soporte ray tracing	NVIDIA GeForce RTX 3060 Ti	399.00	20	7	8
47	GPU de alto rendimiento con 10GB GDDR6X	NVIDIA GeForce RTX 3080	699.00	15	7	8
48	GPU tope de gama con 24GB GDDR6X para creadores y gamers	NVIDIA GeForce RTX 4090	1599.00	5	7	8
49	Tarjeta de video intermedia para gaming en 1080p	NVIDIA GTX 1660 Super	249.00	25	7	8
50	Tarjeta profesional para diseño gráfico y CAD	NVIDIA Quadro T1000	429.00	12	7	8
1	Mouse inalámbrico ergonómico con sensor óptico de alta precisión	Logitech MX Master 3S	99.99	48	2	2
2	Mouse gamer con iluminación RGB y 8 botones programables	Logitech G502 HERO	49.99	78	2	2
\.


--
-- TOC entry 4981 (class 0 OID 16650)
-- Dependencies: 233
-- Data for Name: resena; Type: TABLE DATA; Schema: public; Owner: -
--

COPY public.resena (id, aprobado, comentario, puntuacion, producto_id, usuario_id) FROM stdin;
\.


--
-- TOC entry 4983 (class 0 OID 16654)
-- Dependencies: 235
-- Data for Name: uuser; Type: TABLE DATA; Schema: public; Owner: -
--

COPY public.uuser (id, direccion, nombre, password, role, telefono, username) FROM stdin;
1003	Calle Falsa 123	Juan Perez	$2a$10$L9.Rb/nXwJqUO..fCPO.d.CWm.P0LkWOm1w8omv39yCOZj/m960oq	USER	123-456-7890	nuevo_user
1004	Avenida Siempreviva 742	Maria Garcia	$2a$10$L9.Rb/nXwJqUO..fCPO.d.CWm.P0LkWOm1w8omv39yCOZj/m960oq	ADMIN	987-654-3210	admintest
1	\N	Marcos	$2a$10$KjrCGwt46ch4MZJOmFhoWu/r1lMj6QhQbASlaVfSTdsEIZxBDNZ72	COMPRADOR	\N	Martos
\.


--
-- TOC entry 4990 (class 0 OID 0)
-- Dependencies: 218
-- Name: boleta_id_seq; Type: SEQUENCE SET; Schema: public; Owner: -
--

SELECT pg_catalog.setval('public.boleta_id_seq', 1, true);


--
-- TOC entry 4991 (class 0 OID 0)
-- Dependencies: 220
-- Name: carrito_item_seq; Type: SEQUENCE SET; Schema: public; Owner: -
--

SELECT pg_catalog.setval('public.carrito_item_seq', 51, true);


--
-- TOC entry 4992 (class 0 OID 0)
-- Dependencies: 222
-- Name: categoria_seq; Type: SEQUENCE SET; Schema: public; Owner: -
--

SELECT pg_catalog.setval('public.categoria_seq', 1701, true);


--
-- TOC entry 4993 (class 0 OID 0)
-- Dependencies: 224
-- Name: detalle_boleta_id_seq; Type: SEQUENCE SET; Schema: public; Owner: -
--

SELECT pg_catalog.setval('public.detalle_boleta_id_seq', 2, true);


--
-- TOC entry 4994 (class 0 OID 0)
-- Dependencies: 226
-- Name: detalle_pedido_id_seq; Type: SEQUENCE SET; Schema: public; Owner: -
--

SELECT pg_catalog.setval('public.detalle_pedido_id_seq', 2, true);


--
-- TOC entry 4995 (class 0 OID 0)
-- Dependencies: 228
-- Name: marca_id_seq; Type: SEQUENCE SET; Schema: public; Owner: -
--

SELECT pg_catalog.setval('public.marca_id_seq', 34, true);


--
-- TOC entry 4996 (class 0 OID 0)
-- Dependencies: 230
-- Name: pedido_id_seq; Type: SEQUENCE SET; Schema: public; Owner: -
--

SELECT pg_catalog.setval('public.pedido_id_seq', 1, true);


--
-- TOC entry 4997 (class 0 OID 0)
-- Dependencies: 232
-- Name: producto_id_seq; Type: SEQUENCE SET; Schema: public; Owner: -
--

SELECT pg_catalog.setval('public.producto_id_seq', 50, true);


--
-- TOC entry 4998 (class 0 OID 0)
-- Dependencies: 234
-- Name: resena_seq; Type: SEQUENCE SET; Schema: public; Owner: -
--

SELECT pg_catalog.setval('public.resena_seq', 1, false);


--
-- TOC entry 4999 (class 0 OID 0)
-- Dependencies: 236
-- Name: uuser_seq; Type: SEQUENCE SET; Schema: public; Owner: -
--

SELECT pg_catalog.setval('public.uuser_seq', 1, true);


--
-- TOC entry 4789 (class 2606 OID 16662)
-- Name: boleta boleta_pkey; Type: CONSTRAINT; Schema: public; Owner: -
--

ALTER TABLE ONLY public.boleta
    ADD CONSTRAINT boleta_pkey PRIMARY KEY (id);


--
-- TOC entry 4791 (class 2606 OID 16664)
-- Name: carrito_item carrito_item_pkey; Type: CONSTRAINT; Schema: public; Owner: -
--

ALTER TABLE ONLY public.carrito_item
    ADD CONSTRAINT carrito_item_pkey PRIMARY KEY (id);


--
-- TOC entry 4793 (class 2606 OID 16666)
-- Name: categoria categoria_pkey; Type: CONSTRAINT; Schema: public; Owner: -
--

ALTER TABLE ONLY public.categoria
    ADD CONSTRAINT categoria_pkey PRIMARY KEY (id);


--
-- TOC entry 4795 (class 2606 OID 16668)
-- Name: detalle_boleta detalle_boleta_pkey; Type: CONSTRAINT; Schema: public; Owner: -
--

ALTER TABLE ONLY public.detalle_boleta
    ADD CONSTRAINT detalle_boleta_pkey PRIMARY KEY (id);


--
-- TOC entry 4797 (class 2606 OID 16670)
-- Name: detalle_pedido detalle_pedido_pkey; Type: CONSTRAINT; Schema: public; Owner: -
--

ALTER TABLE ONLY public.detalle_pedido
    ADD CONSTRAINT detalle_pedido_pkey PRIMARY KEY (id);


--
-- TOC entry 4799 (class 2606 OID 16672)
-- Name: marca marca_pkey; Type: CONSTRAINT; Schema: public; Owner: -
--

ALTER TABLE ONLY public.marca
    ADD CONSTRAINT marca_pkey PRIMARY KEY (id);


--
-- TOC entry 4801 (class 2606 OID 16674)
-- Name: pedido pedido_pkey; Type: CONSTRAINT; Schema: public; Owner: -
--

ALTER TABLE ONLY public.pedido
    ADD CONSTRAINT pedido_pkey PRIMARY KEY (id);


--
-- TOC entry 4803 (class 2606 OID 16676)
-- Name: producto producto_pkey; Type: CONSTRAINT; Schema: public; Owner: -
--

ALTER TABLE ONLY public.producto
    ADD CONSTRAINT producto_pkey PRIMARY KEY (id);


--
-- TOC entry 4805 (class 2606 OID 16678)
-- Name: resena resena_pkey; Type: CONSTRAINT; Schema: public; Owner: -
--

ALTER TABLE ONLY public.resena
    ADD CONSTRAINT resena_pkey PRIMARY KEY (id);


--
-- TOC entry 4807 (class 2606 OID 16680)
-- Name: uuser uuser_pkey; Type: CONSTRAINT; Schema: public; Owner: -
--

ALTER TABLE ONLY public.uuser
    ADD CONSTRAINT uuser_pkey PRIMARY KEY (id);


--
-- TOC entry 4813 (class 2606 OID 16681)
-- Name: detalle_pedido fk2yc3nts8mdyqf6dw6ndosk67a; Type: FK CONSTRAINT; Schema: public; Owner: -
--

ALTER TABLE ONLY public.detalle_pedido
    ADD CONSTRAINT fk2yc3nts8mdyqf6dw6ndosk67a FOREIGN KEY (producto_id) REFERENCES public.producto(id);


--
-- TOC entry 4818 (class 2606 OID 16686)
-- Name: resena fk5f27crxa1jnc7wofyw3fiitmc; Type: FK CONSTRAINT; Schema: public; Owner: -
--

ALTER TABLE ONLY public.resena
    ADD CONSTRAINT fk5f27crxa1jnc7wofyw3fiitmc FOREIGN KEY (producto_id) REFERENCES public.producto(id);


--
-- TOC entry 4808 (class 2606 OID 16691)
-- Name: boleta fk5o4buridey2mkjxh0txfwqrho; Type: FK CONSTRAINT; Schema: public; Owner: -
--

ALTER TABLE ONLY public.boleta
    ADD CONSTRAINT fk5o4buridey2mkjxh0txfwqrho FOREIGN KEY (user_id) REFERENCES public.uuser(id);


--
-- TOC entry 4811 (class 2606 OID 16696)
-- Name: detalle_boleta fk6ao8lmippvqnncrgwnfjjch18; Type: FK CONSTRAINT; Schema: public; Owner: -
--

ALTER TABLE ONLY public.detalle_boleta
    ADD CONSTRAINT fk6ao8lmippvqnncrgwnfjjch18 FOREIGN KEY (boleta_id) REFERENCES public.boleta(id);


--
-- TOC entry 4816 (class 2606 OID 16701)
-- Name: producto fk868tnrt85f21kgcvt9bftgr8r; Type: FK CONSTRAINT; Schema: public; Owner: -
--

ALTER TABLE ONLY public.producto
    ADD CONSTRAINT fk868tnrt85f21kgcvt9bftgr8r FOREIGN KEY (marca_id) REFERENCES public.marca(id);


--
-- TOC entry 4809 (class 2606 OID 16706)
-- Name: carrito_item fk8ry4xu4fb8ouvpvwkscc2io9p; Type: FK CONSTRAINT; Schema: public; Owner: -
--

ALTER TABLE ONLY public.carrito_item
    ADD CONSTRAINT fk8ry4xu4fb8ouvpvwkscc2io9p FOREIGN KEY (usuario_id) REFERENCES public.uuser(id);


--
-- TOC entry 4815 (class 2606 OID 16711)
-- Name: pedido fkfqta0uag5tb0m3hjpnhu185p2; Type: FK CONSTRAINT; Schema: public; Owner: -
--

ALTER TABLE ONLY public.pedido
    ADD CONSTRAINT fkfqta0uag5tb0m3hjpnhu185p2 FOREIGN KEY (usuario_id) REFERENCES public.uuser(id);


--
-- TOC entry 4814 (class 2606 OID 16716)
-- Name: detalle_pedido fkgqvba9e7dildyw45u0usdj1k2; Type: FK CONSTRAINT; Schema: public; Owner: -
--

ALTER TABLE ONLY public.detalle_pedido
    ADD CONSTRAINT fkgqvba9e7dildyw45u0usdj1k2 FOREIGN KEY (pedido_id) REFERENCES public.pedido(id);


--
-- TOC entry 4812 (class 2606 OID 16721)
-- Name: detalle_boleta fkht1rfy8yukwexahhcscksj5ri; Type: FK CONSTRAINT; Schema: public; Owner: -
--

ALTER TABLE ONLY public.detalle_boleta
    ADD CONSTRAINT fkht1rfy8yukwexahhcscksj5ri FOREIGN KEY (producto_id) REFERENCES public.producto(id);


--
-- TOC entry 4819 (class 2606 OID 16726)
-- Name: resena fkl6rhg2mef4urvwkuf8fmqiu00; Type: FK CONSTRAINT; Schema: public; Owner: -
--

ALTER TABLE ONLY public.resena
    ADD CONSTRAINT fkl6rhg2mef4urvwkuf8fmqiu00 FOREIGN KEY (usuario_id) REFERENCES public.uuser(id);


--
-- TOC entry 4817 (class 2606 OID 16731)
-- Name: producto fkodqr7965ok9rwquj1utiamt0m; Type: FK CONSTRAINT; Schema: public; Owner: -
--

ALTER TABLE ONLY public.producto
    ADD CONSTRAINT fkodqr7965ok9rwquj1utiamt0m FOREIGN KEY (categoria_id) REFERENCES public.categoria(id);


--
-- TOC entry 4810 (class 2606 OID 16736)
-- Name: carrito_item fks0kykle67ewnol1gcyk791rya; Type: FK CONSTRAINT; Schema: public; Owner: -
--

ALTER TABLE ONLY public.carrito_item
    ADD CONSTRAINT fks0kykle67ewnol1gcyk791rya FOREIGN KEY (producto_id) REFERENCES public.producto(id);


-- Completed on 2025-07-20 16:05:39

--
-- PostgreSQL database dump complete
--

