--
-- PostgreSQL database dump
--

-- Dumped from database version 17.5
-- Dumped by pg_dump version 17.5

-- Started on 2025-07-19 13:09:32

SET statement_timeout = 0;
SET lock_timeout = 0;
SET idle_in_transaction_session_timeout = 0;
SET transaction_timeout = 0;
SET client_encoding = 'UTF8';
SET standard_conforming_strings = on;
SELECT pg_catalog.set_config('search_path', '', false);
SET check_function_bodies = false;
SET xmloption = content;
SET client_min_messages = warning;
SET row_security = off;

SET default_tablespace = '';

SET default_table_access_method = heap;

--
-- TOC entry 217 (class 1259 OID 16503)
-- Name: boleta; Type: TABLE; Schema: public; Owner: -
--

CREATE TABLE public.boleta (
    id bigint NOT NULL,
    fecha_emision timestamp(6) without time zone,
    igv numeric(38,2),
    numero_boleta character varying(255) NOT NULL,
    subtotal numeric(38,2),
    total numeric(38,2),
    usuario_id bigint
);


--
-- TOC entry 218 (class 1259 OID 16506)
-- Name: boleta_id_seq; Type: SEQUENCE; Schema: public; Owner: -
--

ALTER TABLE public.boleta ALTER COLUMN id ADD GENERATED BY DEFAULT AS IDENTITY (
    SEQUENCE NAME public.boleta_id_seq
    START WITH 1
    INCREMENT BY 1
    NO MINVALUE
    NO MAXVALUE
    CACHE 1
);


--
-- TOC entry 219 (class 1259 OID 16507)
-- Name: carrito_item; Type: TABLE; Schema: public; Owner: -
--

CREATE TABLE public.carrito_item (
    id bigint NOT NULL,
    cantidad integer,
    producto_id bigint,
    usuario_id bigint
);


--
-- TOC entry 220 (class 1259 OID 16510)
-- Name: carrito_item_seq; Type: SEQUENCE; Schema: public; Owner: -
--

CREATE SEQUENCE public.carrito_item_seq
    START WITH 1
    INCREMENT BY 50
    NO MINVALUE
    NO MAXVALUE
    CACHE 1;


--
-- TOC entry 221 (class 1259 OID 16511)
-- Name: categoria; Type: TABLE; Schema: public; Owner: -
--

CREATE TABLE public.categoria (
    id bigint NOT NULL,
    nombre character varying(255)
);


--
-- TOC entry 222 (class 1259 OID 16514)
-- Name: categoria_seq; Type: SEQUENCE; Schema: public; Owner: -
--

CREATE SEQUENCE public.categoria_seq
    START WITH 1
    INCREMENT BY 50
    NO MINVALUE
    NO MAXVALUE
    CACHE 1;


--
-- TOC entry 223 (class 1259 OID 16515)
-- Name: detalle_boleta; Type: TABLE; Schema: public; Owner: -
--

CREATE TABLE public.detalle_boleta (
    id bigint NOT NULL,
    cantidad integer,
    precio_unitario numeric(38,2),
    subtotal_detalle numeric(38,2),
    boleta_id bigint,
    producto_id bigint
);


--
-- TOC entry 224 (class 1259 OID 16518)
-- Name: detalle_boleta_id_seq; Type: SEQUENCE; Schema: public; Owner: -
--

ALTER TABLE public.detalle_boleta ALTER COLUMN id ADD GENERATED BY DEFAULT AS IDENTITY (
    SEQUENCE NAME public.detalle_boleta_id_seq
    START WITH 1
    INCREMENT BY 1
    NO MINVALUE
    NO MAXVALUE
    CACHE 1
);


--
-- TOC entry 225 (class 1259 OID 16519)
-- Name: marca; Type: TABLE; Schema: public; Owner: -
--

CREATE TABLE public.marca (
    id bigint NOT NULL,
    nombre character varying(255)
);


--
-- TOC entry 226 (class 1259 OID 16522)
-- Name: marca_seq; Type: SEQUENCE; Schema: public; Owner: -
--

CREATE SEQUENCE public.marca_seq
    START WITH 1
    INCREMENT BY 50
    NO MINVALUE
    NO MAXVALUE
    CACHE 1;


--
-- TOC entry 227 (class 1259 OID 16523)
-- Name: pedido; Type: TABLE; Schema: public; Owner: -
--

CREATE TABLE public.pedido (
    id bigint NOT NULL,
    cantidad integer,
    total numeric(38,2),
    producto_id bigint
);


--
-- TOC entry 228 (class 1259 OID 16526)
-- Name: pedido_id_seq; Type: SEQUENCE; Schema: public; Owner: -
--

ALTER TABLE public.pedido ALTER COLUMN id ADD GENERATED BY DEFAULT AS IDENTITY (
    SEQUENCE NAME public.pedido_id_seq
    START WITH 1
    INCREMENT BY 1
    NO MINVALUE
    NO MAXVALUE
    CACHE 1
);


--
-- TOC entry 229 (class 1259 OID 16527)
-- Name: producto; Type: TABLE; Schema: public; Owner: -
--

CREATE TABLE public.producto (
    id bigint NOT NULL,
    descripcion character varying(255),
    nombre character varying(255),
    precio numeric(38,2),
    stock integer,
    categoria_id bigint,
    marca_id bigint
);


--
-- TOC entry 230 (class 1259 OID 16532)
-- Name: producto_id_seq; Type: SEQUENCE; Schema: public; Owner: -
--

ALTER TABLE public.producto ALTER COLUMN id ADD GENERATED BY DEFAULT AS IDENTITY (
    SEQUENCE NAME public.producto_id_seq
    START WITH 1
    INCREMENT BY 1
    NO MINVALUE
    NO MAXVALUE
    CACHE 1
);


--
-- TOC entry 231 (class 1259 OID 16533)
-- Name: resena; Type: TABLE; Schema: public; Owner: -
--

CREATE TABLE public.resena (
    id bigint NOT NULL,
    aprobado boolean NOT NULL,
    comentario character varying(255),
    puntuacion integer,
    producto_id bigint,
    usuario_id bigint
);


--
-- TOC entry 232 (class 1259 OID 16536)
-- Name: resena_seq; Type: SEQUENCE; Schema: public; Owner: -
--

CREATE SEQUENCE public.resena_seq
    START WITH 1
    INCREMENT BY 50
    NO MINVALUE
    NO MAXVALUE
    CACHE 1;


--
-- TOC entry 233 (class 1259 OID 16537)
-- Name: uuser; Type: TABLE; Schema: public; Owner: -
--

CREATE TABLE public.uuser (
    id bigint NOT NULL,
    password character varying(255),
    role character varying(255),
    username character varying(255),
    direccion character varying(255),
    nombre character varying(255),
    telefono character varying(255),
    CONSTRAINT uuser_role_check CHECK (((role)::text = ANY (ARRAY[('ADMIN'::character varying)::text, ('USER'::character varying)::text, ('VISITANTE'::character varying)::text, ('COMPRADOR'::character varying)::text])))
);


--
-- TOC entry 234 (class 1259 OID 16543)
-- Name: uuser_seq; Type: SEQUENCE; Schema: public; Owner: -
--

CREATE SEQUENCE public.uuser_seq
    START WITH 1
    INCREMENT BY 50
    NO MINVALUE
    NO MAXVALUE
    CACHE 1;


--
-- TOC entry 4958 (class 0 OID 16503)
-- Dependencies: 217
-- Data for Name: boleta; Type: TABLE DATA; Schema: public; Owner: -
--

INSERT INTO public.boleta VALUES (1, '2025-05-29 05:28:17.974501', 630.00, '0001', 3500.00, 4130.00, NULL);
INSERT INTO public.boleta VALUES (2, '2025-05-29 05:29:39.437609', 1782.00, '0002', 9900.00, 11682.00, NULL);
INSERT INTO public.boleta VALUES (3, '2025-05-29 05:31:14.0033', 2358.00, '0003', 13100.00, 15458.00, NULL);
INSERT INTO public.boleta VALUES (4, '2025-05-29 05:32:58.084022', 7398.00, '0004', 41100.00, 48498.00, NULL);
INSERT INTO public.boleta VALUES (5, '2025-05-29 14:21:47.31736', 52.02, '0005', 289.00, 341.02, NULL);
INSERT INTO public.boleta VALUES (6, '2025-07-16 18:43:16.539058', 846.00, '0006', 4700.00, 5546.00, NULL);
INSERT INTO public.boleta VALUES (7, '2025-07-16 23:08:01.297783', 51.30, '0007', 285.00, 336.30, NULL);
INSERT INTO public.boleta VALUES (8, '2025-07-16 23:18:25.684109', 14.40, '0008', 80.00, 94.40, NULL);
INSERT INTO public.boleta VALUES (9, '2025-07-16 23:27:13.654989', 621.90, '0009', 3455.00, 4076.90, NULL);
INSERT INTO public.boleta VALUES (10, '2025-07-16 23:27:29.330439', 621.90, '0010', 3455.00, 4076.90, NULL);
INSERT INTO public.boleta VALUES (11, '2025-07-16 23:45:02.8632', 621.90, '0011', 3455.00, 4076.90, NULL);
INSERT INTO public.boleta VALUES (12, '2025-07-16 23:49:18.107862', 66.60, '0012', 370.00, 436.60, NULL);
INSERT INTO public.boleta VALUES (13, '2025-07-17 01:13:21.067789', 953.46, '0013', 5297.00, 6250.46, NULL);
INSERT INTO public.boleta VALUES (14, '2025-07-17 16:25:14.006117', 16.20, '0014', 89.98, 106.18, NULL);
INSERT INTO public.boleta VALUES (15, '2025-07-17 16:43:59.574967', 16.20, '0015', 89.98, 106.18, NULL);
INSERT INTO public.boleta VALUES (16, '2025-07-17 19:12:32.971204', 18.00, '0016', 99.98, 117.98, NULL);
INSERT INTO public.boleta VALUES (17, '2025-07-17 19:47:08.070036', 303.83, '0017', 1687.96, 1991.79, NULL);
INSERT INTO public.boleta VALUES (18, '2025-07-17 19:47:09.567909', 303.83, '0018', 1687.96, 1991.79, NULL);


--
-- TOC entry 4960 (class 0 OID 16507)
-- Dependencies: 219
-- Data for Name: carrito_item; Type: TABLE DATA; Schema: public; Owner: -
--

INSERT INTO public.carrito_item VALUES (302, 1, 2, 105);
INSERT INTO public.carrito_item VALUES (303, 1, 3, 105);
INSERT INTO public.carrito_item VALUES (352, 1, 4, 105);
INSERT INTO public.carrito_item VALUES (353, 1, 5, 105);
INSERT INTO public.carrito_item VALUES (402, 1, 4, 404);
INSERT INTO public.carrito_item VALUES (403, 1, 5, 404);
INSERT INTO public.carrito_item VALUES (404, 1, 6, 105);
INSERT INTO public.carrito_item VALUES (405, 1, 6, 105);


--
-- TOC entry 4962 (class 0 OID 16511)
-- Dependencies: 221
-- Data for Name: categoria; Type: TABLE DATA; Schema: public; Owner: -
--

INSERT INTO public.categoria VALUES (1, 'Laptops');
INSERT INTO public.categoria VALUES (2, 'Mouse');
INSERT INTO public.categoria VALUES (3, 'Teclados');
INSERT INTO public.categoria VALUES (4, 'Monitores');
INSERT INTO public.categoria VALUES (5, 'Impresoras');
INSERT INTO public.categoria VALUES (6, 'Audífonos');
INSERT INTO public.categoria VALUES (7, 'Tarjetas Gráficas');
INSERT INTO public.categoria VALUES (8, 'Procesadores');
INSERT INTO public.categoria VALUES (9, 'Placas Madre');
INSERT INTO public.categoria VALUES (10, 'Almacenamiento SSD');


--
-- TOC entry 4964 (class 0 OID 16515)
-- Dependencies: 223
-- Data for Name: detalle_boleta; Type: TABLE DATA; Schema: public; Owner: -
--

INSERT INTO public.detalle_boleta VALUES (1, 1, 49.99, 49.99, 14, 2);
INSERT INTO public.detalle_boleta VALUES (2, 1, 39.99, 39.99, 14, 3);
INSERT INTO public.detalle_boleta VALUES (3, 1, 49.99, 49.99, 15, 2);
INSERT INTO public.detalle_boleta VALUES (4, 1, 39.99, 39.99, 15, 3);
INSERT INTO public.detalle_boleta VALUES (5, 1, 29.99, 29.99, 16, 4);
INSERT INTO public.detalle_boleta VALUES (6, 1, 69.99, 69.99, 16, 5);
INSERT INTO public.detalle_boleta VALUES (7, 1, 49.99, 49.99, 17, 2);
INSERT INTO public.detalle_boleta VALUES (8, 1, 39.99, 39.99, 17, 3);
INSERT INTO public.detalle_boleta VALUES (9, 1, 29.99, 29.99, 17, 4);
INSERT INTO public.detalle_boleta VALUES (10, 1, 69.99, 69.99, 17, 5);
INSERT INTO public.detalle_boleta VALUES (11, 2, 749.00, 1498.00, 17, 6);
INSERT INTO public.detalle_boleta VALUES (12, 1, 49.99, 49.99, 18, 2);
INSERT INTO public.detalle_boleta VALUES (13, 1, 39.99, 39.99, 18, 3);
INSERT INTO public.detalle_boleta VALUES (14, 1, 29.99, 29.99, 18, 4);
INSERT INTO public.detalle_boleta VALUES (15, 1, 69.99, 69.99, 18, 5);
INSERT INTO public.detalle_boleta VALUES (16, 2, 749.00, 1498.00, 18, 6);


--
-- TOC entry 4966 (class 0 OID 16519)
-- Dependencies: 225
-- Data for Name: marca; Type: TABLE DATA; Schema: public; Owner: -
--

INSERT INTO public.marca VALUES (1, 'HP');
INSERT INTO public.marca VALUES (2, 'Logitech');
INSERT INTO public.marca VALUES (3, 'Razer');
INSERT INTO public.marca VALUES (4, 'ASUS');
INSERT INTO public.marca VALUES (5, 'Kingston');
INSERT INTO public.marca VALUES (6, 'AMD');
INSERT INTO public.marca VALUES (7, 'Intel');
INSERT INTO public.marca VALUES (8, 'NVIDIA');
INSERT INTO public.marca VALUES (9, 'Epson');
INSERT INTO public.marca VALUES (10, 'Corsair');


--
-- TOC entry 4968 (class 0 OID 16523)
-- Dependencies: 227
-- Data for Name: pedido; Type: TABLE DATA; Schema: public; Owner: -
--



--
-- TOC entry 4970 (class 0 OID 16527)
-- Dependencies: 229
-- Data for Name: producto; Type: TABLE DATA; Schema: public; Owner: -
--

INSERT INTO public.producto VALUES (7, 'Laptop convertible con pantalla táctil Full HD de 13.3"', 'HP Envy x360', 899.00, 20, 1, 1);
INSERT INTO public.producto VALUES (8, 'Laptop económica ideal para estudiantes y navegación básica', 'HP Stream 14', 399.00, 60, 1, 1);
INSERT INTO public.producto VALUES (9, 'Laptop empresarial con lector de huella y carcasa metálica', 'HP EliteBook 840 G8', 1199.00, 15, 1, 1);
INSERT INTO public.producto VALUES (10, 'Laptop gamer con RTX 3060, 16GB RAM y pantalla 144Hz', 'HP Omen 16', 1399.00, 10, 1, 1);
INSERT INTO public.producto VALUES (11, 'Audífonos gaming con sonido envolvente 7.1 y RGB', 'Razer Kraken V3', 99.00, 50, 6, 3);
INSERT INTO public.producto VALUES (12, 'Audífonos inalámbricos con cancelación activa de ruido', 'Razer Opus X', 129.00, 30, 6, 3);
INSERT INTO public.producto VALUES (14, 'Audífonos tipo in-ear con doble driver para mejor calidad', 'Razer Hammerhead Duo', 49.00, 70, 6, 3);
INSERT INTO public.producto VALUES (15, 'Audífonos TWS con baja latencia para juegos móviles', 'Razer Hammerhead True Wireless', 99.00, 45, 6, 3);
INSERT INTO public.producto VALUES (16, 'Procesador de 6 núcleos y 12 hilos ideal para gaming', 'AMD Ryzen 5 5600X', 199.00, 30, 8, 6);
INSERT INTO public.producto VALUES (17, 'Procesador de alto rendimiento para creadores de contenido', 'AMD Ryzen 9 7900X', 429.00, 15, 8, 6);
INSERT INTO public.producto VALUES (18, 'Procesador con gráficos integrados Radeon Vega 8', 'AMD Ryzen 5 5600G', 159.00, 40, 8, 6);
INSERT INTO public.producto VALUES (19, 'Procesador económico para tareas básicas y oficina', 'AMD Athlon 3000G', 59.00, 50, 8, 6);
INSERT INTO public.producto VALUES (20, 'Procesador de 12 núcleos para multitarea y renderizado', 'AMD Ryzen 9 5900X', 389.00, 10, 8, 6);
INSERT INTO public.producto VALUES (21, 'SSD NVMe PCIe 4.0 con velocidades de lectura de hasta 7000 MB/s', 'Kingston KC3000 1TB', 129.00, 40, 10, 5);
INSERT INTO public.producto VALUES (22, 'SSD SATA 2.5" ideal para mejorar velocidad de laptops', 'Kingston A400 480GB', 45.00, 100, 10, 5);
INSERT INTO public.producto VALUES (23, 'SSD externo USB-C con alta velocidad y diseño compacto', 'Kingston XS2000 1TB', 109.00, 35, 10, 5);
INSERT INTO public.producto VALUES (24, 'SSD M.2 PCIe Gen 4x4 con gran relación calidad-precio', 'Kingston NV2 500GB', 39.00, 80, 10, 5);
INSERT INTO public.producto VALUES (25, 'SSD NVMe para gaming de alto rendimiento', 'Kingston Fury Renegade 2TB', 229.00, 20, 10, 5);
INSERT INTO public.producto VALUES (26, 'Monitor gamer 27" WQHD 165Hz con Adaptive Sync', 'ASUS TUF Gaming VG27AQ', 349.00, 20, 4, 4);
INSERT INTO public.producto VALUES (27, 'Monitor profesional 27" IPS con 100% sRGB', 'ASUS ProArt Display PA278CV', 399.00, 10, 4, 4);
INSERT INTO public.producto VALUES (28, 'Monitor 24.5" 360Hz para eSports y baja latencia', 'ASUS ROG Swift PG259QN', 499.00, 15, 4, 4);
INSERT INTO public.producto VALUES (29, 'Monitor delgado 24" Full HD para uso general', 'ASUS VZ249HE', 149.00, 25, 4, 4);
INSERT INTO public.producto VALUES (30, 'Monitor curvo 23.6" con 165Hz y tiempo de respuesta 1ms', 'ASUS TUF VG24VQE', 199.00, 30, 4, 4);
INSERT INTO public.producto VALUES (31, 'Procesador de 6 núcleos de 12va generación sin gráficos integrados', 'Intel Core i5-12400F', 189.00, 35, 8, 7);
INSERT INTO public.producto VALUES (32, 'Procesador de 16 núcleos híbridos ideal para multitarea', 'Intel Core i7-13700K', 429.00, 20, 8, 7);
INSERT INTO public.producto VALUES (33, 'Procesador de alto rendimiento con 24 núcleos y overclocking', 'Intel Core i9-13900K', 589.00, 10, 8, 7);
INSERT INTO public.producto VALUES (34, 'Procesador económico de 4 núcleos para tareas básicas', 'Intel Core i3-12100F', 109.00, 50, 8, 7);
INSERT INTO public.producto VALUES (35, 'Procesador básico para oficina y uso ligero', 'Intel Pentium Gold G6405', 69.00, 40, 8, 7);
INSERT INTO public.producto VALUES (36, 'Impresora multifuncional con sistema de tinta continua', 'Epson EcoTank L3250', 179.00, 25, 5, 9);
INSERT INTO public.producto VALUES (37, 'Impresora todo en uno inalámbrica con botellas de tinta', 'Epson L3150', 159.00, 30, 5, 9);
INSERT INTO public.producto VALUES (38, 'Impresora compacta con Wi-Fi y alimentador automático', 'Epson WorkForce WF-2830', 99.00, 20, 5, 9);
INSERT INTO public.producto VALUES (39, 'Impresora color con pantalla táctil y AirPrint', 'Epson Expression Home XP-4100', 89.00, 18, 5, 9);
INSERT INTO public.producto VALUES (40, 'Impresora empresarial con fax, ADF y Wi-Fi Direct', 'Epson EcoTank ET-4760', 299.00, 12, 5, 9);
INSERT INTO public.producto VALUES (41, 'SSD NVMe PCIe Gen4x4 con disipador para alto rendimiento', 'Corsair MP600 PRO XT 1TB', 159.00, 25, 10, 10);
INSERT INTO public.producto VALUES (42, 'SSD M.2 con velocidades de hasta 3480MB/s', 'Corsair Force Series MP510 480GB', 89.00, 40, 10, 10);
INSERT INTO public.producto VALUES (43, 'SSD NVMe con gran capacidad y relación precio-calidad', 'Corsair MP400 1TB', 99.00, 30, 10, 10);
INSERT INTO public.producto VALUES (44, 'SSD para gaming y tareas intensivas con PCIe 4.0', 'Corsair MP600 CORE XT 2TB', 199.00, 15, 10, 10);
INSERT INTO public.producto VALUES (45, 'SSD PCIe HHHL con enfriamiento activo para trabajo pesado', 'Corsair Neutron NX500 400GB', 179.00, 10, 10, 10);
INSERT INTO public.producto VALUES (46, 'Tarjeta gráfica con 8GB GDDR6 y soporte ray tracing', 'NVIDIA GeForce RTX 3060 Ti', 399.00, 20, 7, 8);
INSERT INTO public.producto VALUES (47, 'GPU de alto rendimiento con 10GB GDDR6X', 'NVIDIA GeForce RTX 3080', 699.00, 15, 7, 8);
INSERT INTO public.producto VALUES (48, 'GPU tope de gama con 24GB GDDR6X para creadores y gamers', 'NVIDIA GeForce RTX 4090', 1599.00, 5, 7, 8);
INSERT INTO public.producto VALUES (49, 'Tarjeta de video intermedia para gaming en 1080p', 'NVIDIA GTX 1660 Super', 249.00, 25, 7, 8);
INSERT INTO public.producto VALUES (50, 'Tarjeta profesional para diseño gráfico y CAD', 'NVIDIA Quadro T1000', 429.00, 12, 7, 8);
INSERT INTO public.producto VALUES (51, 'Teclado inalámbrico con retroiluminación y teclas silenciosas', 'Logitech MX Keys', 99.00, 40, 3, 2);
INSERT INTO public.producto VALUES (52, 'Teclado compacto Bluetooth multiconexión', 'Logitech K380', 39.00, 70, 3, 2);
INSERT INTO public.producto VALUES (53, 'Teclado mecánico inalámbrico RGB de bajo perfil', 'Logitech G915 TKL', 179.00, 15, 3, 2);
INSERT INTO public.producto VALUES (54, 'Teclado USB clásico con diseño resistente para oficina', 'Logitech K120', 19.00, 100, 3, 2);
INSERT INTO public.producto VALUES (55, 'Teclado gamer con retroiluminación RGB y resistencia a líquidos', 'Logitech G213 Prodigy', 49.00, 60, 3, 2);
INSERT INTO public.producto VALUES (56, 'Impresora multifuncional compacta con Wi-Fi y escáner', 'HP DeskJet 3775', 69.00, 40, 5, 1);
INSERT INTO public.producto VALUES (57, 'Impresora con tanque de tinta recargable y alto rendimiento', 'HP Smart Tank 515', 179.00, 25, 5, 1);
INSERT INTO public.producto VALUES (58, 'Impresora láser monocromo rápida y eficiente para oficinas', 'HP LaserJet Pro M404dn', 199.00, 20, 5, 1);
INSERT INTO public.producto VALUES (2, 'Mouse gamer con iluminación RGB y 8 botones programables', 'Logitech G502 HERO', 49.99, 76, 2, 2);
INSERT INTO public.producto VALUES (4, 'Mouse compacto y silencioso ideal para laptops', 'Logitech Pebble M350', 29.99, 97, 2, 2);
INSERT INTO public.producto VALUES (59, 'Impresora todo en uno a color con HP+, ideal para hogar', 'HP ENVY Inspire 7220e', 149.00, 35, 5, 1);
INSERT INTO public.producto VALUES (60, 'Impresora profesional a color con ADF y Wi-Fi Direct', 'HP OfficeJet Pro 9015e', 229.00, 18, 5, 1);
INSERT INTO public.producto VALUES (61, 'Audífonos inalámbricos con sonido Dolby Atmos y RGB', 'Corsair HS80 RGB Wireless', 129.00, 25, 6, 10);
INSERT INTO public.producto VALUES (62, 'Headset gamer con sonido envolvente 7.1 y micrófono', 'Corsair VOID RGB Elite USB', 89.00, 35, 6, 10);
INSERT INTO public.producto VALUES (63, 'Audífonos ligeros con soporte para audio espacial', 'Corsair HS65 Surround', 79.00, 30, 6, 10);
INSERT INTO public.producto VALUES (64, 'Audífonos alámbricos con diseño cómodo para largas sesiones', 'Corsair HS55 Stereo', 59.00, 40, 6, 10);
INSERT INTO public.producto VALUES (65, 'Headset premium con conexión múltiple y sonido Hi-Fi', 'Corsair Virtuoso RGB Wireless XT', 199.00, 10, 6, 10);
INSERT INTO public.producto VALUES (66, 'Mouse ergonómico con sensor óptico Focus+ de 20K DPI', 'Razer DeathAdder V2', 69.00, 45, 2, 3);
INSERT INTO public.producto VALUES (67, 'Mouse personalizable con rueda inteligente y 11 botones', 'Razer Basilisk V3', 79.00, 35, 2, 3);
INSERT INTO public.producto VALUES (68, 'Mouse modular con paneles intercambiables para MMO', 'Razer Naga Trinity', 99.00, 20, 2, 3);
INSERT INTO public.producto VALUES (69, 'Mouse ultraligero inalámbrico con batería de larga duración', 'Razer Orochi V2', 59.00, 50, 2, 3);
INSERT INTO public.producto VALUES (70, 'Mouse inalámbrico de alto rendimiento con estación de carga', 'Razer Viper Ultimate', 129.00, 15, 2, 3);
INSERT INTO public.producto VALUES (71, 'Procesador de 10 núcleos con eficiencia y potencia equilibrada', 'Intel Core i5-13400', 219.00, 25, 8, 7);
INSERT INTO public.producto VALUES (72, 'Procesador de 12va generación sin GPU integrada', 'Intel Core i7-12700KF', 379.00, 20, 8, 7);
INSERT INTO public.producto VALUES (73, 'CPU de alto rendimiento con frecuencia de hasta 5.5GHz', 'Intel Core i9-12900KS', 639.00, 8, 8, 7);
INSERT INTO public.producto VALUES (74, 'Procesador económico de 4 núcleos para tareas básicas', 'Intel Core i3-10100', 99.00, 50, 8, 7);
INSERT INTO public.producto VALUES (75, 'Procesador para estaciones de trabajo con 18 núcleos', 'Intel Xeon W-2295', 1399.00, 4, 8, 7);
INSERT INTO public.producto VALUES (76, 'Tarjeta gráfica compacta con 12GB GDDR6 para gaming 1080p/1440p', 'ASUS Dual GeForce RTX 3060 OC', 359.00, 20, 7, 4);
INSERT INTO public.producto VALUES (77, 'GPU de alto rendimiento con refrigeración avanzada', 'ASUS ROG Strix RTX 4070', 649.00, 12, 7, 4);
INSERT INTO public.producto VALUES (78, 'Tarjeta gráfica con diseño duradero para gaming básico', 'ASUS TUF Gaming GTX 1660 Super', 239.00, 25, 7, 4);
INSERT INTO public.producto VALUES (79, 'GPU premium con 24GB y diseño robusto para creadores', 'ASUS ROG Strix RTX 4090 OC', 1699.00, 5, 7, 4);
INSERT INTO public.producto VALUES (80, 'Tarjeta de entrada ideal para mejorar equipos básicos', 'ASUS Phoenix GTX 1650', 189.00, 30, 7, 4);
INSERT INTO public.producto VALUES (1, 'Mouse inalámbrico ergonómico con sensor óptico de alta precisión', 'Logitech MX Master 3S', 99.99, 50, 2, 2);
INSERT INTO public.producto VALUES (3, 'Mouse Bluetooth recargable con múltiples dispositivos', 'Logitech M720 Triathlon', 39.99, 66, 2, 2);
INSERT INTO public.producto VALUES (5, 'Mouse vertical ergonómico para mayor confort', 'Logitech Lift Vertical', 69.99, 37, 2, 2);
INSERT INTO public.producto VALUES (6, 'Laptop con procesador Intel Core i5, 8GB RAM y SSD de 512GB', 'HP Pavilion 15', 749.00, 21, 1, 1);
INSERT INTO public.producto VALUES (13, 'Audífonos ligeros con micrófono removible para streamers', 'Razer BlackShark V2222222222222222222222222222222', 78.00, 40, 6, 3);


--
-- TOC entry 4972 (class 0 OID 16533)
-- Dependencies: 231
-- Data for Name: resena; Type: TABLE DATA; Schema: public; Owner: -
--



--
-- TOC entry 4974 (class 0 OID 16537)
-- Dependencies: 233
-- Data for Name: uuser; Type: TABLE DATA; Schema: public; Owner: -
--

INSERT INTO public.uuser VALUES (3, '$2a$10$p3GmGGShYJit/KHK/6nt1.1Ons3/XfqRRnBVYOiYctFcS3Q1PRoE.', 'USER', 'usuario_normal', NULL, NULL, NULL);
INSERT INTO public.uuser VALUES (4, '$2a$10$L9.Rb/nXwJqUO..fCPO.d.CWm.P0LkWOm1w8omv39yCOZj/m960oq', 'ADMIN', 'otro_admin', NULL, NULL, NULL);
INSERT INTO public.uuser VALUES (152, '$2a$10$0lj2EBFk7vvx2jbqglXrTuT3iq5swI1v7F6L1ibtuaOD7.ZXUWIB2', 'USER', 'Martos', 'avava las duan', 'Marcelo Martos', '989898898');
INSERT INTO public.uuser VALUES (352, NULL, 'ADMIN', 'SuperAdmin', NULL, 'Marcelo Martos Garcia', NULL);
INSERT INTO public.uuser VALUES (102, '$2a$10$WJe6ZrkWXGOeF.vb5ttVz.dMqgTz3lr7aYkQ4WJjgAWOFiF3Zk7MG', 'ADMIN', 'otro_adminn', 'uigiuguig', 'Marcelo Martos', '989898898');
INSERT INTO public.uuser VALUES (2, '$2a$10$gLr0ucgOeEYjujxvY24WpefyOQnLoGw7nOhGyrWoYxdMmR.0M.dj.', 'ADMIN', 'adminuser', NULL, 'Nek Santos', NULL);
INSERT INTO public.uuser VALUES (103, '$2a$10$kMwIKfyBWg5XgYAJXNmdJ.YnE44aQNHjNlSvKJfUYbnxntbxBmk3i', 'COMPRADOR', 'marce', NULL, NULL, NULL);
INSERT INTO public.uuser VALUES (404, '$2a$10$FimMlIY/Eduw4vl42EHvEutzVgAWFWlI/AzKTs4WsjoIM0w0KU.CC', 'COMPRADOR', 'fffffff', NULL, NULL, NULL);
INSERT INTO public.uuser VALUES (405, '$2a$10$8NsvKDUa8NMwUYMpS.HfKex2Bvajk5AB.ckjj0GX6bFumaiZrBgnC', 'COMPRADOR', 'gfds', NULL, NULL, NULL);
INSERT INTO public.uuser VALUES (105, '$2a$10$CUC1KbRkyQNNIePE7HDMxOZ2fuLedahd9kfiaK8UYQxWYPtuJ.Ruy', 'USER', 'marc', 'sdfsdfsd', 'Marcelo Martos', '989898898');


--
-- TOC entry 4981 (class 0 OID 0)
-- Dependencies: 218
-- Name: boleta_id_seq; Type: SEQUENCE SET; Schema: public; Owner: -
--

SELECT pg_catalog.setval('public.boleta_id_seq', 18, true);


--
-- TOC entry 4982 (class 0 OID 0)
-- Dependencies: 220
-- Name: carrito_item_seq; Type: SEQUENCE SET; Schema: public; Owner: -
--

SELECT pg_catalog.setval('public.carrito_item_seq', 451, true);


--
-- TOC entry 4983 (class 0 OID 0)
-- Dependencies: 222
-- Name: categoria_seq; Type: SEQUENCE SET; Schema: public; Owner: -
--

SELECT pg_catalog.setval('public.categoria_seq', 101, true);


--
-- TOC entry 4984 (class 0 OID 0)
-- Dependencies: 224
-- Name: detalle_boleta_id_seq; Type: SEQUENCE SET; Schema: public; Owner: -
--

SELECT pg_catalog.setval('public.detalle_boleta_id_seq', 16, true);


--
-- TOC entry 4985 (class 0 OID 0)
-- Dependencies: 226
-- Name: marca_seq; Type: SEQUENCE SET; Schema: public; Owner: -
--

SELECT pg_catalog.setval('public.marca_seq', 101, true);


--
-- TOC entry 4986 (class 0 OID 0)
-- Dependencies: 228
-- Name: pedido_id_seq; Type: SEQUENCE SET; Schema: public; Owner: -
--

SELECT pg_catalog.setval('public.pedido_id_seq', 1, false);


--
-- TOC entry 4987 (class 0 OID 0)
-- Dependencies: 230
-- Name: producto_id_seq; Type: SEQUENCE SET; Schema: public; Owner: -
--

SELECT pg_catalog.setval('public.producto_id_seq', 80, true);


--
-- TOC entry 4988 (class 0 OID 0)
-- Dependencies: 232
-- Name: resena_seq; Type: SEQUENCE SET; Schema: public; Owner: -
--

SELECT pg_catalog.setval('public.resena_seq', 1, false);


--
-- TOC entry 4989 (class 0 OID 0)
-- Dependencies: 234
-- Name: uuser_seq; Type: SEQUENCE SET; Schema: public; Owner: -
--

SELECT pg_catalog.setval('public.uuser_seq', 451, true);


--
-- TOC entry 4784 (class 2606 OID 16545)
-- Name: boleta boleta_pkey; Type: CONSTRAINT; Schema: public; Owner: -
--

ALTER TABLE ONLY public.boleta
    ADD CONSTRAINT boleta_pkey PRIMARY KEY (id);


--
-- TOC entry 4788 (class 2606 OID 16547)
-- Name: carrito_item carrito_item_pkey; Type: CONSTRAINT; Schema: public; Owner: -
--

ALTER TABLE ONLY public.carrito_item
    ADD CONSTRAINT carrito_item_pkey PRIMARY KEY (id);


--
-- TOC entry 4790 (class 2606 OID 16549)
-- Name: categoria categoria_pkey; Type: CONSTRAINT; Schema: public; Owner: -
--

ALTER TABLE ONLY public.categoria
    ADD CONSTRAINT categoria_pkey PRIMARY KEY (id);


--
-- TOC entry 4792 (class 2606 OID 16551)
-- Name: detalle_boleta detalle_boleta_pkey; Type: CONSTRAINT; Schema: public; Owner: -
--

ALTER TABLE ONLY public.detalle_boleta
    ADD CONSTRAINT detalle_boleta_pkey PRIMARY KEY (id);


--
-- TOC entry 4794 (class 2606 OID 16553)
-- Name: marca marca_pkey; Type: CONSTRAINT; Schema: public; Owner: -
--

ALTER TABLE ONLY public.marca
    ADD CONSTRAINT marca_pkey PRIMARY KEY (id);


--
-- TOC entry 4796 (class 2606 OID 16555)
-- Name: pedido pedido_pkey; Type: CONSTRAINT; Schema: public; Owner: -
--

ALTER TABLE ONLY public.pedido
    ADD CONSTRAINT pedido_pkey PRIMARY KEY (id);


--
-- TOC entry 4798 (class 2606 OID 16557)
-- Name: producto producto_pkey; Type: CONSTRAINT; Schema: public; Owner: -
--

ALTER TABLE ONLY public.producto
    ADD CONSTRAINT producto_pkey PRIMARY KEY (id);


--
-- TOC entry 4800 (class 2606 OID 16559)
-- Name: resena resena_pkey; Type: CONSTRAINT; Schema: public; Owner: -
--

ALTER TABLE ONLY public.resena
    ADD CONSTRAINT resena_pkey PRIMARY KEY (id);


--
-- TOC entry 4786 (class 2606 OID 16561)
-- Name: boleta ukss9wapk1stujbcbq81khoajm; Type: CONSTRAINT; Schema: public; Owner: -
--

ALTER TABLE ONLY public.boleta
    ADD CONSTRAINT ukss9wapk1stujbcbq81khoajm UNIQUE (numero_boleta);


--
-- TOC entry 4802 (class 2606 OID 16563)
-- Name: uuser uuser_pkey; Type: CONSTRAINT; Schema: public; Owner: -
--

ALTER TABLE ONLY public.uuser
    ADD CONSTRAINT uuser_pkey PRIMARY KEY (id);


--
-- TOC entry 4811 (class 2606 OID 16564)
-- Name: resena fk5f27crxa1jnc7wofyw3fiitmc; Type: FK CONSTRAINT; Schema: public; Owner: -
--

ALTER TABLE ONLY public.resena
    ADD CONSTRAINT fk5f27crxa1jnc7wofyw3fiitmc FOREIGN KEY (producto_id) REFERENCES public.producto(id);


--
-- TOC entry 4806 (class 2606 OID 16569)
-- Name: detalle_boleta fk6ao8lmippvqnncrgwnfjjch18; Type: FK CONSTRAINT; Schema: public; Owner: -
--

ALTER TABLE ONLY public.detalle_boleta
    ADD CONSTRAINT fk6ao8lmippvqnncrgwnfjjch18 FOREIGN KEY (boleta_id) REFERENCES public.boleta(id);


--
-- TOC entry 4809 (class 2606 OID 16574)
-- Name: producto fk868tnrt85f21kgcvt9bftgr8r; Type: FK CONSTRAINT; Schema: public; Owner: -
--

ALTER TABLE ONLY public.producto
    ADD CONSTRAINT fk868tnrt85f21kgcvt9bftgr8r FOREIGN KEY (marca_id) REFERENCES public.marca(id);


--
-- TOC entry 4804 (class 2606 OID 16579)
-- Name: carrito_item fk8ry4xu4fb8ouvpvwkscc2io9p; Type: FK CONSTRAINT; Schema: public; Owner: -
--

ALTER TABLE ONLY public.carrito_item
    ADD CONSTRAINT fk8ry4xu4fb8ouvpvwkscc2io9p FOREIGN KEY (usuario_id) REFERENCES public.uuser(id);


--
-- TOC entry 4807 (class 2606 OID 16584)
-- Name: detalle_boleta fkht1rfy8yukwexahhcscksj5ri; Type: FK CONSTRAINT; Schema: public; Owner: -
--

ALTER TABLE ONLY public.detalle_boleta
    ADD CONSTRAINT fkht1rfy8yukwexahhcscksj5ri FOREIGN KEY (producto_id) REFERENCES public.producto(id);


--
-- TOC entry 4803 (class 2606 OID 16589)
-- Name: boleta fkk2449b2ga3rjvp0dulqc43ksh; Type: FK CONSTRAINT; Schema: public; Owner: -
--

ALTER TABLE ONLY public.boleta
    ADD CONSTRAINT fkk2449b2ga3rjvp0dulqc43ksh FOREIGN KEY (usuario_id) REFERENCES public.uuser(id);


--
-- TOC entry 4812 (class 2606 OID 16594)
-- Name: resena fkl6rhg2mef4urvwkuf8fmqiu00; Type: FK CONSTRAINT; Schema: public; Owner: -
--

ALTER TABLE ONLY public.resena
    ADD CONSTRAINT fkl6rhg2mef4urvwkuf8fmqiu00 FOREIGN KEY (usuario_id) REFERENCES public.uuser(id);


--
-- TOC entry 4810 (class 2606 OID 16599)
-- Name: producto fkodqr7965ok9rwquj1utiamt0m; Type: FK CONSTRAINT; Schema: public; Owner: -
--

ALTER TABLE ONLY public.producto
    ADD CONSTRAINT fkodqr7965ok9rwquj1utiamt0m FOREIGN KEY (categoria_id) REFERENCES public.categoria(id);


--
-- TOC entry 4805 (class 2606 OID 16604)
-- Name: carrito_item fks0kykle67ewnol1gcyk791rya; Type: FK CONSTRAINT; Schema: public; Owner: -
--

ALTER TABLE ONLY public.carrito_item
    ADD CONSTRAINT fks0kykle67ewnol1gcyk791rya FOREIGN KEY (producto_id) REFERENCES public.producto(id);


--
-- TOC entry 4808 (class 2606 OID 16609)
-- Name: pedido fksoggxhdxr3wnhv3kdkka1nmvy; Type: FK CONSTRAINT; Schema: public; Owner: -
--

ALTER TABLE ONLY public.pedido
    ADD CONSTRAINT fksoggxhdxr3wnhv3kdkka1nmvy FOREIGN KEY (producto_id) REFERENCES public.producto(id);


-- Completed on 2025-07-19 13:09:33

--
-- PostgreSQL database dump complete
--

